scene_filename,scene_idx
scene_list.json,0
scene_list.json,1
scene_list.json,2
scene_list.json,3
scene_list.json,4
scene_list.json,5
scene_list.json,6
scene_list.json,7
scene_list.json,8
scene_list.json,9
scene_list.json,10
scene_list.json,11
scene_list.json,12
scene_list.json,13
scene_list.json,14
scene_list.json,15
scene_list.json,16
scene_list.json,17
scene_list.json,18
scene_list.json,19
scene_list.json,20
scene_list.json,21
scene_list.json,22
scene_list.json,23
scene_list.json,24
scene_list.json,25
scene_list.json,26
scene_list.json,27
scene_list.json,28
scene_list.json,29
scene_list.json,30
scene_list.json,31
scene_list.json,32
scene_list.json,33
scene_list.json,34
scene_list.json,35
scene_list.json,36
scene_list.json,37
scene_list.json,38
scene_list.json,39
scene_list.json,40
scene_list.json,41
scene_list.json,42
scene_list.json,43
scene_list.json,44
scene_list.json,45
scene_list.json,46
scene_list.json,47
scene_list.json,48
scene_list.json,49
scene_list.json,50
scene_list.json,51
scene_list.json,52
scene_list.json,53
scene_list.json,54
scene_list.json,55
scene_list.json,56
scene_list.json,57
scene_list.json,58
scene_list.json,59
scene_list.json,60
scene_list.json,61
scene_list.json,62
scene_list.json,63
scene_list.json,64
scene_list.json,65
scene_list.json,66
scene_list.json,67
scene_list.json,68
scene_list.json,69
scene_list.json,70
scene_list.json,71
scene_list.json,72
scene_list.json,73
scene_list.json,74
scene_list.json,75
scene_list.json,76
scene_list.json,77
scene_list.json,78
scene_list.json,79
scene_list.json,80
scene_list.json,81
scene_list.json,82
scene_list.json,83
scene_list.json,84
scene_list.json,85
scene_list.json,86
scene_list.json,87
scene_list.json,88
scene_list.json,89
scene_list.json,90
scene_list.json,91
scene_list.json,92
scene_list.json,93
scene_list.json,94
scene_list.json,95
scene_list.json,96
scene_list.json,97
scene_list.json,98
scene_list.json,99
scene_list.json,100
scene_list.json,101
scene_list.json,102
scene_list.json,103
scene_list.json,104
scene_list.json,105
scene_list.json,106
scene_list.json,107
scene_list.json,108
scene_list.json,109
scene_list.json,110
scene_list.json,111
scene_list.json,112
scene_list.json,113
scene_list.json,114
scene_list.json,115
scene_list.json,116
scene_list.json,117
scene_list.json,118
scene_list.json,119
scene_list.json,120
scene_list.json,121
scene_list.json,122
scene_list.json,123
scene_list.json,124
scene_list.json,125
scene_list.json,126
scene_list.json,127
scene_list.json,128
scene_list.json,129
scene_list.json,130
scene_list.json,131
scene_list.json,132
scene_list.json,133
scene_list.json,134
scene_list.json,135
scene_list.json,136
scene_list.json,137
scene_list.json,138
scene_list.json,139
scene_list.json,140
scene_list.json,141
scene_list.json,142
scene_list.json,143
scene_list.json,144
scene_list.json,145
scene_list.json,146
scene_list.json,147
scene_list.json,148
scene_list.json,149
scene_list.json,150
scene_list.json,151
scene_list.json,152
scene_list.json,153
scene_list.json,154
scene_list.json,155
scene_list.json,156
scene_list.json,157
scene_list.json,158
scene_list.json,159
scene_list.json,160
scene_list.json,161
scene_list.json,162
scene_list.json,163
scene_list.json,164
scene_list.json,165
scene_list.json,166
scene_list.json,167
scene_list.json,168
scene_list.json,169
scene_list.json,170
scene_list.json,171
scene_list.json,172
scene_list.json,173
scene_list.json,174
scene_list.json,175
scene_list.json,176
scene_list.json,177
scene_list.json,178
scene_list.json,179
scene_list.json,180
scene_list.json,181
scene_list.json,182
scene_list.json,183
scene_list.json,184
scene_list.json,185
scene_list.json,186
scene_list.json,187
scene_list.json,188
scene_list.json,189
scene_list.json,190
scene_list.json,191
scene_list.json,192
scene_list.json,193
scene_list.json,194
scene_list.json,195
scene_list.json,196
scene_list.json,197
scene_list.json,198
scene_list.json,199
scene_list.json,200
scene_list.json,201
scene_list.json,202
scene_list.json,203
scene_list.json,204
scene_list.json,205
scene_list.json,206
scene_list.json,207
scene_list.json,208
scene_list.json,209
scene_list.json,210
scene_list.json,211
scene_list.json,212
scene_list.json,213
scene_list.json,214
scene_list.json,215
scene_list.json,216
scene_list.json,217
scene_list.json,218
scene_list.json,219
scene_list.json,220
scene_list.json,221
scene_list.json,222
scene_list.json,223
scene_list.json,224
scene_list.json,225
scene_list.json,226
scene_list.json,227
scene_list.json,228
scene_list.json,229
scene_list.json,230
scene_list.json,231
scene_list.json,232
scene_list.json,233
scene_list.json,234
scene_list.json,235
scene_list.json,236
scene_list.json,237
scene_list.json,238
scene_list.json,239
scene_list.json,240
scene_list.json,241
scene_list.json,242
scene_list.json,243
scene_list.json,244
scene_list.json,245
scene_list.json,246
scene_list.json,247
scene_list.json,248
scene_list.json,249
scene_list.json,250
scene_list.json,251
scene_list.json,252
scene_list.json,253
scene_list.json,254
scene_list.json,255
scene_list.json,256
scene_list.json,257
scene_list.json,258
scene_list.json,259
scene_list.json,260
scene_list.json,261
scene_list.json,262
scene_list.json,263
scene_list.json,264
scene_list.json,265
scene_list.json,266
scene_list.json,267
scene_list.json,268
scene_list.json,269
scene_list.json,270
scene_list.json,271
scene_list.json,272
scene_list.json,273
scene_list.json,274
scene_list.json,275
scene_list.json,276
scene_list.json,277
scene_list.json,278
scene_list.json,279
scene_list.json,280
scene_list.json,281
scene_list.json,282
scene_list.json,283
scene_list.json,284
scene_list.json,285
scene_list.json,286
scene_list.json,287
scene_list.json,288
scene_list.json,289
scene_list.json,290
scene_list.json,291
scene_list.json,292
scene_list.json,293
scene_list.json,294
scene_list.json,295
scene_list.json,296
scene_list.json,297
scene_list.json,298
scene_list.json,299
scene_list.json,300
scene_list.json,301
scene_list.json,302
scene_list.json,303
scene_list.json,304
scene_list.json,305
scene_list.json,306
scene_list.json,307
scene_list.json,308
scene_list.json,309
scene_list.json,310
scene_list.json,311
scene_list.json,312
scene_list.json,313
scene_list.json,314
scene_list.json,315
scene_list.json,316
scene_list.json,317
scene_list.json,318
scene_list.json,319
scene_list.json,320
scene_list.json,321
scene_list.json,322
scene_list.json,323
scene_list.json,324
scene_list.json,325
scene_list.json,326
scene_list.json,327
scene_list.json,328
scene_list.json,329
scene_list.json,330
scene_list.json,331
scene_list.json,332
scene_list.json,333
scene_list.json,334
scene_list.json,335
scene_list.json,336
scene_list.json,337
scene_list.json,338
scene_list.json,339
scene_list.json,340
scene_list.json,341
scene_list.json,342
scene_list.json,343
scene_list.json,344
scene_list.json,345
scene_list.json,346
scene_list.json,347
scene_list.json,348
scene_list.json,349
scene_list.json,350
scene_list.json,351
scene_list.json,352
scene_list.json,353
scene_list.json,354
scene_list.json,355
scene_list.json,356
scene_list.json,357
scene_list.json,358
scene_list.json,359
scene_list.json,360
scene_list.json,361
scene_list.json,362
scene_list.json,363
scene_list.json,364
scene_list.json,365
scene_list.json,366
scene_list.json,367
scene_list.json,368
scene_list.json,369
scene_list.json,370
scene_list.json,371
scene_list.json,372
scene_list.json,373
scene_list.json,374
scene_list.json,375
scene_list.json,376
scene_list.json,377
scene_list.json,378
scene_list.json,379
scene_list.json,380
scene_list.json,381
scene_list.json,382
scene_list.json,383
scene_list.json,384
scene_list.json,385
scene_list.json,386
scene_list.json,387
scene_list.json,388
scene_list.json,389
scene_list.json,390
scene_list.json,391
scene_list.json,392
scene_list.json,393
scene_list.json,394
scene_list.json,395
scene_list.json,396
scene_list.json,397
scene_list.json,398
scene_list.json,399
scene_list.json,400
scene_list.json,401
scene_list.json,402
scene_list.json,403
scene_list.json,404
scene_list.json,405
scene_list.json,406
scene_list.json,407
scene_list.json,408
scene_list.json,409
scene_list.json,410
scene_list.json,411
scene_list.json,412
scene_list.json,413
scene_list.json,414
scene_list.json,415
scene_list.json,416
scene_list.json,417
scene_list.json,418
scene_list.json,419
scene_list.json,420
scene_list.json,421
scene_list.json,422
scene_list.json,423
scene_list.json,424
scene_list.json,425
scene_list.json,426
scene_list.json,427
scene_list.json,428
scene_list.json,429
scene_list.json,430
scene_list.json,431
scene_list.json,432
scene_list.json,433
scene_list.json,434
scene_list.json,435
scene_list.json,436
scene_list.json,437
scene_list.json,438
scene_list.json,439
scene_list.json,440
scene_list.json,441
scene_list.json,442
scene_list.json,443
scene_list.json,444
scene_list.json,445
scene_list.json,446
scene_list.json,447
scene_list.json,448
scene_list.json,449
scene_list.json,450
scene_list.json,451
scene_list.json,452
scene_list.json,453
scene_list.json,454
scene_list.json,455
scene_list.json,456
scene_list.json,457
scene_list.json,458
scene_list.json,459
scene_list.json,460
scene_list.json,461
scene_list.json,462
scene_list.json,463
scene_list.json,464
scene_list.json,465
scene_list.json,466
scene_list.json,467
scene_list.json,468
scene_list.json,469
scene_list.json,470
scene_list.json,471
scene_list.json,472
scene_list.json,473
scene_list.json,474
scene_list.json,475
scene_list.json,476
scene_list.json,477
scene_list.json,478
scene_list.json,479
scene_list.json,480
scene_list.json,481
scene_list.json,482
scene_list.json,483
scene_list.json,484
scene_list.json,485
scene_list.json,486
scene_list.json,487
scene_list.json,488
scene_list.json,489
scene_list.json,490
scene_list.json,491
scene_list.json,492
scene_list.json,493
scene_list.json,494
scene_list.json,495
scene_list.json,496
scene_list.json,497
scene_list.json,498
scene_list.json,499
scene_list.json,500
scene_list.json,501
scene_list.json,502
scene_list.json,503
scene_list.json,504
scene_list.json,505
scene_list.json,506
scene_list.json,507
scene_list.json,508
scene_list.json,509
scene_list.json,510
scene_list.json,511
scene_list.json,512
scene_list.json,513
scene_list.json,514
scene_list.json,515
scene_list.json,516
scene_list.json,517
scene_list.json,518
scene_list.json,519
scene_list.json,520
scene_list.json,521
scene_list.json,522
scene_list.json,523
scene_list.json,524
scene_list.json,525
scene_list.json,526
scene_list.json,527
scene_list.json,528
scene_list.json,529
scene_list.json,530
scene_list.json,531
scene_list.json,532
scene_list.json,533
scene_list.json,534
scene_list.json,535
scene_list.json,536
scene_list.json,537
scene_list.json,538
scene_list.json,539
scene_list.json,540
scene_list.json,541
scene_list.json,542
scene_list.json,543
scene_list.json,544
scene_list.json,545
scene_list.json,546
scene_list.json,547
scene_list.json,548
scene_list.json,549
scene_list.json,550
scene_list.json,551
scene_list.json,552
scene_list.json,553
scene_list.json,554
scene_list.json,555
scene_list.json,556
scene_list.json,557
scene_list.json,558
scene_list.json,559
scene_list.json,560
scene_list.json,561
scene_list.json,562
scene_list.json,563
scene_list.json,564
scene_list.json,565
scene_list.json,566
scene_list.json,567
scene_list.json,568
scene_list.json,569
scene_list.json,570
scene_list.json,571
scene_list.json,572
scene_list.json,573
scene_list.json,574
scene_list.json,575
scene_list.json,576
scene_list.json,577
scene_list.json,578
scene_list.json,579
scene_list.json,580
scene_list.json,581
scene_list.json,582
scene_list.json,583
scene_list.json,584
scene_list.json,585
scene_list.json,586
scene_list.json,587
scene_list.json,588
scene_list.json,589
scene_list.json,590
scene_list.json,591
scene_list.json,592
scene_list.json,593
scene_list.json,594
scene_list.json,595
scene_list.json,596
scene_list.json,597
scene_list.json,598
scene_list.json,599
scene_list.json,600
scene_list.json,601
scene_list.json,602
scene_list.json,603
scene_list.json,604
scene_list.json,605
scene_list.json,606
scene_list.json,607
scene_list.json,608
scene_list.json,609
scene_list.json,610
scene_list.json,611
scene_list.json,612
scene_list.json,613
scene_list.json,614
scene_list.json,615
scene_list.json,616
scene_list.json,617
scene_list.json,618
scene_list.json,619
scene_list.json,620
scene_list.json,621
scene_list.json,622
scene_list.json,623
scene_list.json,624
scene_list.json,625
scene_list.json,626
scene_list.json,627
scene_list.json,628
scene_list.json,629
scene_list.json,630
scene_list.json,631
scene_list.json,632
scene_list.json,633
scene_list.json,634
scene_list.json,635
scene_list.json,636
scene_list.json,637
scene_list.json,638
scene_list.json,639
scene_list.json,640
scene_list.json,641
scene_list.json,642
scene_list.json,643
scene_list.json,644
scene_list.json,645
scene_list.json,646
scene_list.json,647
scene_list.json,648
scene_list.json,649
scene_list.json,650
scene_list.json,651
scene_list.json,652
scene_list.json,653
scene_list.json,654
scene_list.json,655
scene_list.json,656
scene_list.json,657
scene_list.json,658
scene_list.json,659
scene_list.json,660
scene_list.json,661
scene_list.json,662
scene_list.json,663
scene_list.json,664
scene_list.json,665
scene_list.json,666
scene_list.json,667
scene_list.json,668
scene_list.json,669
scene_list.json,670
scene_list.json,671
scene_list.json,672
scene_list.json,673
scene_list.json,674
scene_list.json,675
scene_list.json,676
scene_list.json,677
scene_list.json,678
scene_list.json,679
scene_list.json,680
scene_list.json,681
scene_list.json,682
scene_list.json,683
scene_list.json,684
scene_list.json,685
scene_list.json,686
scene_list.json,687
scene_list.json,688
scene_list.json,689
scene_list.json,690
scene_list.json,691
scene_list.json,692
scene_list.json,693
scene_list.json,694
scene_list.json,695
scene_list.json,696
scene_list.json,697
scene_list.json,698
scene_list.json,699
scene_list.json,700
scene_list.json,701
scene_list.json,702
scene_list.json,703
scene_list.json,704
scene_list.json,705
scene_list.json,706
scene_list.json,707
scene_list.json,708
scene_list.json,709
scene_list.json,710
scene_list.json,711
scene_list.json,712
scene_list.json,713
scene_list.json,714
scene_list.json,715
scene_list.json,716
scene_list.json,717
scene_list.json,718
scene_list.json,719
scene_list.json,720
scene_list.json,721
scene_list.json,722
scene_list.json,723
scene_list.json,724
scene_list.json,725
scene_list.json,726
scene_list.json,727
scene_list.json,728
scene_list.json,729
scene_list.json,730
scene_list.json,731
scene_list.json,732
scene_list.json,733
scene_list.json,734
scene_list.json,735
scene_list.json,736
scene_list.json,737
scene_list.json,738
scene_list.json,739
scene_list.json,740
scene_list.json,741
scene_list.json,742
scene_list.json,743
scene_list.json,744
scene_list.json,745
scene_list.json,746
scene_list.json,747
scene_list.json,748
scene_list.json,749
scene_list.json,750
scene_list.json,751
scene_list.json,752
scene_list.json,753
scene_list.json,754
scene_list.json,755
scene_list.json,756
scene_list.json,757
scene_list.json,758
scene_list.json,759
scene_list.json,760
scene_list.json,761
scene_list.json,762
scene_list.json,763
scene_list.json,764
scene_list.json,765
scene_list.json,766
scene_list.json,767
scene_list.json,768
scene_list.json,769
scene_list.json,770
scene_list.json,771
scene_list.json,772
scene_list.json,773
scene_list.json,774
scene_list.json,775
scene_list.json,776
scene_list.json,777
scene_list.json,778
scene_list.json,779
scene_list.json,780
scene_list.json,781
scene_list.json,782
scene_list.json,783
scene_list.json,784
scene_list.json,785
scene_list.json,786
scene_list.json,787
scene_list.json,788
scene_list.json,789
scene_list.json,790
scene_list.json,791
scene_list.json,792
scene_list.json,793
scene_list.json,794
scene_list.json,795
scene_list.json,796
scene_list.json,797
scene_list.json,798
scene_list.json,799
scene_list.json,800
scene_list.json,801
scene_list.json,802
scene_list.json,803
scene_list.json,804
scene_list.json,805
scene_list.json,806
scene_list.json,807
scene_list.json,808
scene_list.json,809
scene_list.json,810
scene_list.json,811
scene_list.json,812
scene_list.json,813
scene_list.json,814
scene_list.json,815
scene_list.json,816
scene_list.json,817
scene_list.json,818
scene_list.json,819
scene_list.json,820
scene_list.json,821
scene_list.json,822
scene_list.json,823
scene_list.json,824
scene_list.json,825
scene_list.json,826
scene_list.json,827
scene_list.json,828
scene_list.json,829
scene_list.json,830
scene_list.json,831
scene_list.json,832
scene_list.json,833
scene_list.json,834
scene_list.json,835
scene_list.json,836
scene_list.json,837
scene_list.json,838
scene_list.json,839
scene_list.json,840
scene_list.json,841
scene_list.json,842
scene_list.json,843
scene_list.json,844
scene_list.json,845
scene_list.json,846
scene_list.json,847
scene_list.json,848
scene_list.json,849
scene_list.json,850
scene_list.json,851
scene_list.json,852
scene_list.json,853
scene_list.json,854
scene_list.json,855
scene_list.json,856
scene_list.json,857
scene_list.json,858
scene_list.json,859
scene_list.json,860
scene_list.json,861
scene_list.json,862
scene_list.json,863
scene_list.json,864
scene_list.json,865
scene_list.json,866
scene_list.json,867
scene_list.json,868
scene_list.json,869
scene_list.json,870
scene_list.json,871
scene_list.json,872
scene_list.json,873
scene_list.json,874
scene_list.json,875
scene_list.json,876
scene_list.json,877
scene_list.json,878
scene_list.json,879
scene_list.json,880
scene_list.json,881
scene_list.json,882
scene_list.json,883
scene_list.json,884
scene_list.json,885
scene_list.json,886
scene_list.json,887
scene_list.json,888
scene_list.json,889
scene_list.json,890
scene_list.json,891
scene_list.json,892
scene_list.json,893
scene_list.json,894
scene_list.json,895
scene_list.json,896
scene_list.json,897
scene_list.json,898
scene_list.json,899
scene_list.json,900
scene_list.json,901
scene_list.json,902
scene_list.json,903
scene_list.json,904
scene_list.json,905
scene_list.json,906
scene_list.json,907
scene_list.json,908
scene_list.json,909
scene_list.json,910
scene_list.json,911
scene_list.json,912
scene_list.json,913
scene_list.json,914
scene_list.json,915
scene_list.json,916
scene_list.json,917
scene_list.json,918
scene_list.json,919
scene_list.json,920
scene_list.json,921
scene_list.json,922
scene_list.json,923
scene_list.json,924
scene_list.json,925
scene_list.json,926
scene_list.json,927
scene_list.json,928
scene_list.json,929
scene_list.json,930
scene_list.json,931
scene_list.json,932
scene_list.json,933
scene_list.json,934
scene_list.json,935
scene_list.json,936
scene_list.json,937
scene_list.json,938
scene_list.json,939
scene_list.json,940
scene_list.json,941
scene_list.json,942
scene_list.json,943
scene_list.json,944
scene_list.json,945
scene_list.json,946
scene_list.json,947
scene_list.json,948
scene_list.json,949
scene_list.json,950
scene_list.json,951
scene_list.json,952
scene_list.json,953
scene_list.json,954
scene_list.json,955
scene_list.json,956
scene_list.json,957
scene_list.json,958
scene_list.json,959
scene_list.json,960
scene_list.json,961
scene_list.json,962
scene_list.json,963
scene_list.json,964
scene_list.json,965
scene_list.json,966
scene_list.json,967
scene_list.json,968
scene_list.json,969
scene_list.json,970
scene_list.json,971
scene_list.json,972
scene_list.json,973
scene_list.json,974
scene_list.json,975
scene_list.json,976
scene_list.json,977
scene_list.json,978
scene_list.json,979
scene_list.json,980
scene_list.json,981
scene_list.json,982
scene_list.json,983
scene_list.json,984
scene_list.json,985
scene_list.json,986
scene_list.json,987
scene_list.json,988
scene_list.json,989
scene_list.json,990
scene_list.json,991
scene_list.json,992
scene_list.json,993
scene_list.json,994
scene_list.json,995
scene_list.json,996
scene_list.json,997
scene_list.json,998
scene_list.json,999
